worksheet;label;begin;end;priority
WORKSHEET 1;Red Stripe;1 February 2013;1 October 2013;OK
WORKSHEET 1;Akee;1 March 2012;1 July 2012;Medium Risk
WORKSHEET 1;Saltfish;1 August 2012;1 April 2013;OK
WORKSHEET 1;Pepper Pot;1 May 2013;1 January  2014;TBC
WORKSHEET 1;Molasses;1 November 2011;1 October 2012;High Priority
WORKSHEET 1;Coat Curry;1 November 2012;1 October 2013;TBC
WORKSHEET 2;Pepper Soup;15 May  2012;1 October 2012;Low Risk
WORKSHEET 2;Planters Punch;1 December 2012;1 April 2013;OK
WORKSHEET 2;Film Product Placements;1 July 2013;1  January 2014;OK
WORKSHEET 2;Fries;1 November 2011;1 April 2012;Low Risk
WORKSHEET 2;Jerk Chicken;15 April 2012;1 October 2012;Medium Risk
WORKSHEET 2;Snapper;15 October 2012;1 April 2013;High Priority
WORKSHEET 2;Fritters;15 April 2013;1 October 2013;TBC
WORKSHEET 2;Malibu;1 November 2011;1 March 2012;High Priority
WORKSHEET 2;Morgans;15 March 2012;1 May 2012;Medium Risk
WORKSHEET 2;IT Migration to Linux;1 June 2012;1 October 2012;TBC
WORKSHEET 2;Rice n Peas;15 October 2012;1 April 2013;TBC
WORKSHEET 2;Acquisition Migration to Cloud SAS;15 April 2013;1 January 2014;OK
WORKSHEET 2;Squid;1 March 2012;1 June 2012;Medium Risk
WORKSHEET 2;Ghee;1 July 2012;1 October 2012;TBC
WORKSHEET 2;Hard Dough;15 October 2012;1 July 2013;Medium Risk
WORKSHEET 2;Plantain;1 August 2013;1 November 2013;High Priority
WORKSHEET 3;Pancake;1 November 2011;1 April 2012;Low Risk
WORKSHEET 3;Seaweed;15 April 2012;1 October 2012;Medium Risk
WORKSHEET 3;Product v3;15 October 2012;1 April 2013;High Priority
WORKSHEET 3;Product v4;15 April 2013;1 October 2013;Medium Risk
WORKSHEET 3;Bread Roll;1 November 2011;1 April 2012;High Priority
WORKSHEET 3;IT Migration to Linux;1 June 2012;1 October 2012;TBC
WORKSHEET 3;CLOUD SAS API : dev, test & prove;15 October 2012;1 April 2013;TBC
WORKSHEET 3;application Migration to Cloud SAS;15 April 2013;1 January 2014;OK